{"10": [6175.015625, 6175.046875, 6175.05078125, 6175.05078125, 6288.79296875, 6520.94921875, 6783.390625, 6978.6484375, 7145.30859375, 7436.1640625, 7566.265625, 7831.6328125, 8074.81640625, 8154.49609375, 8383.42578125, 8589.7265625, 8742.6015625, 8842.56640625, 9041.9375, 9234.4375, 9421.0234375, 9576.4609375, 9615.4375, 9797.6015625, 9972.1484375, 10138.80859375, 10297.609375, 10457.125, 10611.60546875, 10621.89453125, 10742.4375, 10894.79296875, 11037.0703125, 11179.59375, 11292.82421875, 11241.37109375, 11249.92578125, 11244.5234375, 11247.484375, 11253.3828125, 11329.15625, 11621.65625, 11647.85546875, 11655.5546875, 11658.31640625, 11660.3671875, 11661.76953125, 11662.98828125, 11327.7734375, 11284.515625, 11328.62109375, 11303.6484375, 11671.140625, 11760.09765625, 11798.8828125, 12131.21484375, 12190.3828125, 12190.66796875, 12200.6171875, 12203.890625, 12206.21875, 12207.9453125, 12209.5078125, 12210.796875, 12211.97265625, 12213.00390625, 12213.99609375, 12214.859375, 11262.20703125]}{"20": [6175.06640625, 6175.09765625, 6175.1015625, 6175.1015625, 6302.90234375, 6521.0078125, 6788.29296875, 6996.69140625, 7155.765625, 7437.3828125, 7551.58203125, 7805.4453125, 8049.96875, 8110.37890625, 8335.87890625, 8549.421875, 8742.65625, 8781.8828125, 8984.30078125, 9174.12109375, 9351.7109375, 9522.44921875, 9576.515625, 9673.57421875, 9849.21875, 10016.734375, 10177.6953125, 10328.71484375, 10476.51953125, 10621.23828125, 10621.9453125, 10716.44921875, 10860.2890625, 11001.359375, 11139.01171875, 11288.56640625, 11362.44921875, 11584.54296875, 11646.76171875, 11646.8359375, 11646.84375, 11646.890625, 11334.6015625, 11339.53515625, 11462.40234375, 11771.0703125, 12084.89453125, 12202.3515625, 12202.3515625, 12202.44921875, 12202.5703125, 12202.640625, 12202.66015625, 12202.67578125, 12202.69140625, 11333.94140625, 11218.3828125]}{"30": [6174.99609375, 6175.046875, 6175.046875, 6175.046875, 6306.80078125, 6520.94921875, 6786.125, 6957.09765625, 7124.28515625, 7377.75, 7546.0546875, 7727.0390625, 7967.1171875, 8076.125, 8241.171875, 8447.55859375, 8648.34765625, 8742.6015625, 8860.5546875, 9038.76953125, 9209.5859375, 9371.84375, 9538.84765625, 9576.4609375, 9661.0078125, 9817.83203125, 9972.5625, 10118.33203125, 10255.77734375, 10396.96875, 10531.1953125, 10621.89453125, 10621.89453125, 10716.83203125, 10846.39453125, 10962.3515625, 11085.8984375, 11233.58984375, 11249.234375, 11508.73828125, 11644.53125, 11644.5703125, 11644.58984375, 11644.59765625, 11589.09765625, 11336.8203125, 11336.8203125, 11488.296875, 11781.27734375, 12045.4140625, 12200.3671875, 12200.3671875, 12200.47265625, 12200.5, 12200.5234375, 12200.53125, 12200.54296875, 12200.54296875, 12200.55078125, 11215.6875]}{"40": [6175.0, 6175.046875, 6175.05078125, 6175.05078125, 6267.08984375, 6520.94921875, 6763.6640625, 6950.421875, 7124.27734375, 7391.875, 7546.0546875, 7759.65625, 8008.046875, 8076.12109375, 8294.94140625, 8509.30859375, 8713.36328125, 8744.7578125, 8941.8125, 9132.16015625, 9311.6875, 9489.9453125, 9576.4609375, 9645.0859375, 9820.96875, 9986.37890625, 10143.453125, 10297.07421875, 10446.80859375, 10591.08203125, 10621.89453125, 10686.828125, 10829.8515625, 10971.62890625, 11110.97265625, 11288.3046875, 11353.3046875, 11607.62109375, 11646.26953125, 11646.27734375, 11646.28515625, 11646.29296875, 11339.89453125, 11339.89453125, 11601.9296875, 11914.48046875, 12202.48828125, 12202.50390625, 12202.56640625, 12202.6015625, 12202.609375, 12202.6171875, 12202.62109375, 12202.625, 11722.96875, 11216.9140625]}{"50": [6175.00390625, 6175.05078125, 6175.0546875, 6175.0546875, 6252.21875, 6520.953125, 6744.41015625, 6925.98046875, 7124.28515625, 7356.66796875, 7546.05859375, 7713.16015625, 7943.22265625, 8076.125, 8219.515625, 8433.7265625, 8638.5703125, 8742.60546875, 8822.7890625, 9012.828125, 9196.2890625, 9370.0546875, 9538.98046875, 9576.46484375, 9673.19921875, 9831.09375, 9979.77734375, 10133.046875, 10278.3125, 10415.140625, 10552.7734375, 10621.8984375, 10621.8984375, 10744.50390625, 10875.890625, 10999.4296875, 11121.8046875, 11282.65625, 11294.6328125, 11532.95703125, 11646.07421875, 11646.08203125, 11646.08203125, 11646.0859375, 11298.66015625, 11340.57421875, 11340.57421875, 11521.796875, 11779.21484375, 12029.1171875, 12201.70703125, 12201.70703125, 12201.75390625, 12201.7734375, 12201.78515625, 12201.7890625, 12201.7890625, 12201.7890625, 11247.3671875, 11215.8125]}{"60": [6174.94921875, 6175.046875, 6175.05078125, 6175.05078125, 6261.5546875, 6520.94921875, 6768.8125, 6952.078125, 7124.28125, 7384.9765625, 7546.0546875, 7747.9921875, 7984.484375, 8076.12109375, 8262.125, 8470.79296875, 8677.23828125, 8742.6015625, 8898.35546875, 9079.0390625, 9257.5703125, 9432.3203125, 9576.4609375, 9583.0625, 9754.7109375, 9911.3203125, 10065.0390625, 10213.50390625, 10359.44140625, 10507.88671875, 10621.89453125, 10621.89453125, 10738.28515625, 10875.44921875, 11013.765625, 11148.8046875, 11288.34375, 11422.203125, 11644.15625, 11644.21875, 11644.375, 11644.375, 11337.80859375, 11337.828125, 11444.3828125, 11727.66015625, 12015.49609375, 12200.0546875, 12200.0546875, 12200.0859375, 12200.1015625, 12200.10546875, 12200.10546875, 12200.10546875, 12200.1171875, 11214.109375]}{"70": [6175.06640625, 6175.09765625, 6175.1015625, 6175.1015625, 6256.78125, 6521.00390625, 6754.0078125, 6934.640625, 7124.33203125, 7362.1640625, 7546.11328125, 7716.6875, 7946.51953125, 8076.17578125, 8225.18359375, 8446.1953125, 8643.171875, 8742.65625, 8831.65234375, 9015.515625, 9197.43359375, 9381.0390625, 9543.35546875, 9576.515625, 9656.1640625, 9814.4296875, 9966.28515625, 10108.9375, 10244.36328125, 10376.7890625, 10508.75390625, 10621.94921875, 10621.94921875, 10633.109375, 10757.34375, 10880.23828125, 10996.15234375, 11113.10546875, 11253.42578125, 11284.65234375, 11529.42578125, 11646.08203125, 11646.08984375, 11646.09375, 11646.09375, 11339.51171875, 11339.51171875, 11340.30078125, 11638.828125, 11910.38671875, 12158.5859375, 12202.0, 12202.0, 12202.0390625, 12202.05078125, 12202.05078125, 12202.0546875, 12202.0546875, 11216.01171875]}{"80": [6175.01171875, 6175.046875, 6175.05078125, 6175.05078125, 6299.73828125, 6520.94921875, 6788.23828125, 6978.71484375, 7127.65625, 7418.03125, 7546.0546875, 7782.74609375, 8018.78515625, 8076.12109375, 8309.40625, 8529.61328125, 8724.8203125, 8742.6015625, 8923.09765625, 9102.83203125, 9270.1484375, 9439.9140625, 9576.4609375, 9576.4609375, 9707.2109375, 9860.87890625, 10004.39453125, 10145.76953125, 10280.2890625, 10409.6640625, 10538.3515625, 10621.89453125, 10621.89453125, 10661.08203125, 10786.0625, 10908.62109375, 11028.09375, 11141.53125, 11288.296875, 11371.70703125, 11584.23046875, 11645.9921875, 11645.99609375, 11645.99609375, 11240.48046875, 11339.8984375, 11339.8984375, 11458.19921875, 11726.1484375, 11981.203125, 12201.60546875, 12201.60546875, 12201.609375, 12201.66015625, 12201.66796875, 12201.66796875, 12201.66796875, 12201.671875, 11215.2578125]}