{"10": [6174.99609375, 6175.04296875, 6175.046875, 6175.046875, 6309.00390625, 6520.94921875, 6788.23828125, 7004.94140625, 7160.921875, 7445.4609375, 7556.27734375, 7819.0078125, 8067.1953125, 8123.98046875, 8347.15234375, 8554.80078125, 8742.6015625, 8779.828125, 8984.80078125, 9174.67578125, 9356.3671875, 9527.0390625, 9576.4609375, 9677.16015625, 9844.859375, 10004.640625, 10165.88671875, 10315.55859375, 10458.2421875, 10599.15625, 10621.89453125, 10649.4375, 10778.3515625, 10905.2109375, 11024.3046875, 11135.69140625, 11206.48828125, 11299.26171875, 11246.84765625, 11242.01953125, 11258.5703125, 11225.7578125, 11253.37890625, 11253.37890625, 11393.21875, 11626.86328125, 11646.2109375, 11655.046875, 11657.94921875, 11659.94140625, 11661.484375, 11662.72265625, 11262.73046875, 11325.51171875, 11328.10546875, 11286.37109375, 11315.40625, 11630.0390625, 11758.1015625, 11758.1015625, 11846.96484375, 12123.64453125, 12188.953125, 12188.953125, 12197.796875, 12201.70703125, 12204.18359375, 12206.03125, 12207.63671875, 12209.0234375, 12210.2265625, 12211.32421875, 12212.34375, 12213.26953125, 11260.875]}{"20": [6175.0, 6175.046875, 6175.05078125, 6175.05078125, 6296.9296875, 6520.953125, 6788.2421875, 6986.63671875, 7137.15625, 7428.57421875, 7546.0078125, 7793.0390625, 8027.9140625, 8080.453125, 8318.3203125, 8546.54296875, 8742.55078125, 8751.6484375, 8950.88671875, 9152.15234375, 9333.66796875, 9505.73046875, 9576.41015625, 9628.359375, 9799.3828125, 9953.1796875, 10103.8828125, 10247.9765625, 10388.81640625, 10521.53515625, 10621.84375, 10621.84375, 10629.22265625, 10755.859375, 10875.1171875, 10991.34765625, 11108.3984375, 11254.92578125, 11249.71875, 11494.6875, 11646.9296875, 11646.96875, 11647.0234375, 11647.046875, 11647.06640625, 11339.703125, 11339.703125, 11339.703125, 11551.6328125, 11802.2109375, 12042.65234375, 12202.703125, 12202.703125, 12202.84765625, 12202.9375, 12202.984375, 12203.00390625, 12203.01953125, 12203.03515625, 12203.046875, 11475.5390625, 11218.28125]}{"30": [6175.0, 6175.05078125, 6175.0546875, 6175.0546875, 6292.73046875, 6520.953125, 6788.2421875, 6976.83203125, 7124.28125, 7408.7578125, 7546.05859375, 7773.8828125, 8009.078125, 8076.125, 8303.34375, 8525.30078125, 8723.85546875, 8742.60546875, 8915.3828125, 9105.7734375, 9277.8671875, 9449.35546875, 9576.46484375, 9576.46484375, 9714.8125, 9863.703125, 10001.1484375, 10130.40625, 10258.8515625, 10383.75390625, 10508.734375, 10621.8984375, 10621.8984375, 10621.8984375, 10728.2265625, 10833.35546875, 10956.60546875, 11076.48828125, 11193.83984375, 11288.48828125, 11460.09375, 11646.171875, 11646.203125, 11646.23046875, 11646.2421875, 11646.25, 11338.453125, 11338.453125, 11339.22265625, 11646.203125, 11917.37890625, 12154.98828125, 12201.87109375, 12201.87109375, 12201.9921875, 12202.01953125, 12202.03515625, 12202.04296875, 12202.046875, 12202.05859375, 11217.15625]}{"40": [6175.0703125, 6175.109375, 6175.109375, 6175.109375, 6309.06640625, 6521.01171875, 6760.33984375, 6934.6484375, 7124.34765625, 7339.65625, 7546.1171875, 7631.27734375, 7853.1953125, 8052.71484375, 8076.1875, 8226.98046875, 8391.79296875, 8589.67578125, 8742.6640625, 8770.41015625, 8963.36328125, 9144.52734375, 9317.07421875, 9490.4921875, 9576.5234375, 9611.7890625, 9780.3359375, 9941.390625, 10100.01171875, 10253.32421875, 10405.8984375, 10554.78125, 10621.95703125, 10631.12109375, 10780.07421875, 10923.48046875, 11064.37890625, 11207.92578125, 11258.89453125, 11539.4296875, 11646.328125, 11646.328125, 11646.34375, 11646.3515625, 11339.953125, 11339.953125, 11519.09765625, 11802.7421875, 12071.8046875, 12201.92578125, 12201.92578125, 12202.01171875, 12202.03125, 12202.03515625, 12202.04296875, 12202.04296875, 11740.38671875, 11216.33203125]}{"50": [6174.99609375, 6175.046875, 6175.046875, 6175.046875, 6309.00390625, 6520.953125, 6788.234375, 7074.4453125, 7241.0078125, 7518.06640625, 7640.90234375, 7905.328125, 8076.125, 8225.32421875, 8453.07421875, 8670.98828125, 8742.59765625, 8921.6953125, 9127.25390625, 9324.46484375, 9506.53515625, 9576.4609375, 9670.3203125, 9844.04296875, 10020.6328125, 10188.2421875, 10352.11328125, 10512.4375, 10621.89453125, 10621.89453125, 10763.328125, 10914.4609375, 11063.4921875, 11228.4921875, 11290.0859375, 11572.47265625, 11644.1328125, 11644.26171875, 11644.421875, 11280.2890625, 11338.9375, 11429.59765625, 11754.9375, 12077.125, 12200.05078125, 12200.078125, 12200.140625, 12200.15234375, 12200.15625, 12200.16015625, 12200.1640625, 11214.48828125]}{"60": [6175.0, 6175.046875, 6175.05078125, 6175.05078125, 6309.0078125, 6520.95703125, 6788.2421875, 7007.25, 7153.671875, 7437.453125, 7546.0625, 7811.08203125, 8058.48828125, 8115.171875, 8341.2265625, 8552.8359375, 8742.60546875, 8774.37890625, 8982.8359375, 9177.79296875, 9357.19921875, 9534.38671875, 9576.46484375, 9685.9453125, 9856.71484375, 10017.6875, 10175.890625, 10329.171875, 10483.15625, 10621.89453125, 10621.89453125, 10692.1875, 10826.109375, 10954.63671875, 11071.9375, 11188.04296875, 11216.26953125, 11469.33984375, 11646.03125, 11646.0390625, 11646.04296875, 11646.04296875, 11339.4609375, 11339.4609375, 11411.328125, 11720.03515625, 11990.45703125, 12201.6796875, 12201.6796875, 12201.71875, 12201.7265625, 12201.734375, 12201.734375, 12201.734375, 12101.74609375, 11215.69140625]}{"70": [6174.98828125, 6175.046875, 6175.05078125, 6175.05078125, 6293.48828125, 6520.94921875, 6788.23828125, 6976.38671875, 7127.3671875, 7421.1640625, 7546.0546875, 7782.25390625, 8019.3203125, 8076.12109375, 8305.3125, 8519.4140625, 8715.08203125, 8742.6015625, 8910.859375, 9094.89453125, 9270.05859375, 9443.58203125, 9576.4609375, 9576.4609375, 9704.078125, 9856.3203125, 9998.08203125, 10132.34765625, 10265.27734375, 10394.59765625, 10521.57421875, 10621.89453125, 10621.89453125, 10627.65625, 10747.33984375, 10865.28515625, 10959.0546875, 11083.265625, 11233.22265625, 11286.8671875, 11542.83203125, 11646.03125, 11646.0390625, 11646.0390625, 11497.2109375, 11339.45703125, 11339.45703125, 11606.22265625, 11928.08984375, 12202.94921875, 12202.94921875, 12202.984375, 12202.99609375, 12203.0, 12203.0, 12203.0, 12112.765625, 11216.1328125]}{"80": [6175.0, 6175.05078125, 6175.05078125, 6175.05078125, 6307.16796875, 6520.95703125, 6788.2421875, 6998.1171875, 7148.40625, 7426.2421875, 7546.0625, 7796.36328125, 8048.078125, 8104.140625, 8332.73828125, 8547.05859375, 8742.60546875, 8779.1875, 8976.65625, 9163.51171875, 9346.8671875, 9528.40625, 9576.46484375, 9656.87109375, 9823.3203125, 9968.44140625, 10116.0703125, 10258.71484375, 10398.67578125, 10534.05078125, 10621.89453125, 10621.89453125, 10697.7734375, 10823.80859375, 10944.9453125, 11061.71875, 11178.8828125, 11288.31640625, 11440.6875, 11641.1484375, 11645.9921875, 11646.0, 11646.0, 11322.74609375, 11339.8984375, 11339.8984375, 11519.25390625, 11774.2890625, 12027.5234375, 12201.61328125, 12201.61328125, 12201.64453125, 12201.6640625, 12201.6796875, 12201.6796875, 12201.6796875, 12201.68359375, 11215.26171875]}