{"10": [6175.01953125, 6175.05078125, 6175.0546875, 6175.0546875, 6309.0078125, 6520.953125, 6788.2421875, 7097.41796875, 7256.140625, 7546.05859375, 7666.94140625, 7943.38671875, 8076.125, 8257.3203125, 8488.734375, 8718.41796875, 8742.60546875, 8942.75390625, 9141.58984375, 9342.6484375, 9528.5078125, 9576.46484375, 9670.2109375, 9843.81640625, 10007.7421875, 10166.49609375, 10316.24609375, 10459.44921875, 10595.234375, 10621.8984375, 10621.8984375, 10722.3046875, 10852.1796875, 10978.71484375, 11103.015625, 11202.40625, 11298.65234375, 11246.8515625, 11242.3203125, 11255.06640625, 11268.26171875, 11253.38671875, 11253.38671875, 11284.18359375, 11543.61328125, 11641.15234375, 11631.4765625, 11629.57421875, 11631.55078125, 11626.6953125, 11627.8203125, 11247.7578125, 11292.6015625, 11192.91015625, 11241.828125, 11363.50390625, 11660.6953125, 11752.4921875, 11752.4921875, 11752.4921875, 11931.4453125, 12181.0, 12181.0, 12186.03515625, 12191.359375, 12194.484375, 12195.390625, 12197.171875, 12198.75, 12200.08984375, 12201.3046875, 12202.4375, 12203.4140625, 11251.14453125]}{"20": [6174.9609375, 6175.046875, 6175.05078125, 6175.05078125, 6387.1953125, 6729.6328125, 7008.3359375, 7244.96484375, 7546.0546875, 7768.25390625, 8070.08203125, 8213.671875, 8491.640625, 8742.6015625, 8845.62890625, 9089.87109375, 9320.69921875, 9547.5078125, 9605.30078125, 9821.875, 10029.359375, 10231.49609375, 10428.0390625, 10617.48828125, 10633.6796875, 10823.02734375, 11004.4140625, 11181.4765625, 11266.54296875, 11634.4921875, 11646.703125, 11646.79296875, 11646.83203125, 11339.48046875, 11341.49609375, 11770.09765625, 12185.51953125, 12202.73046875, 12202.90625, 12203.01953125, 12203.0546875, 12203.07421875, 12203.08984375, 12203.09765625, 11218.33203125]}{"30": [6174.99609375, 6175.046875, 6175.046875, 6175.046875, 6417.03125, 6761.390625, 7043.9765625, 7281.4921875, 7546.0546875, 7808.203125, 8076.125, 8257.13671875, 8536.5625, 8742.6015625, 8893.02734375, 9141.01953125, 9376.22265625, 9576.4609375, 9662.7421875, 9882.453125, 10090.82421875, 10293.8828125, 10493.84375, 10621.89453125, 10700.1640625, 10890.1015625, 11073.171875, 11286.765625, 11448.01953125, 11644.52734375, 11644.52734375, 11644.52734375, 11258.10546875, 11336.82421875, 11657.296875, 12087.546875, 12200.25, 12200.3046875, 12200.3046875, 12200.4140625, 12200.421875, 12200.42578125, 11419.58984375, 11215.57421875]}{"40": [6175.0, 6175.05078125, 6175.05078125, 6175.05078125, 6398.6875, 6739.79296875, 7021.73046875, 7257.5703125, 7546.0625, 7782.3203125, 8076.125, 8230.65234375, 8510.25390625, 8742.60546875, 8865.4375, 9110.11328125, 9344.21484375, 9571.46875, 9631.0078125, 9847.640625, 10054.8046875, 10255.81640625, 10453.4765625, 10621.8984375, 10661.64453125, 10850.45703125, 11033.19921875, 11232.47265625, 11366.6953125, 11646.24609375, 11646.24609375, 11646.24609375, 11211.31640625, 11339.8984375, 11620.83203125, 12048.421875, 12201.86328125, 12201.8671875, 12201.8671875, 12201.9765625, 12201.984375, 12201.984375, 11216.27734375]}{"50": [6175.0546875, 6175.10546875, 6175.10546875, 6175.10546875, 6391.81640625, 6738.23046875, 7021.55078125, 7260.4296875, 7546.11328125, 7787.80859375, 8076.1796875, 8238.25, 8518.77734375, 8742.66015625, 8875.62890625, 9122.109375, 9356.6640625, 9576.51953125, 9644.140625, 9862.203125, 10069.83203125, 10272.359375, 10470.55859375, 10621.953125, 10677.65234375, 10867.08203125, 11050.875, 11280.98046875, 11403.12890625, 11646.1015625, 11646.13671875, 11646.13671875, 11340.26171875, 11340.625, 11734.65625, 12155.66015625, 12201.76171875, 12201.76171875, 12201.76171875, 12201.84375, 12201.84375, 12201.84765625, 11216.125]}{"60": [6174.984375, 6175.05078125, 6175.0546875, 6175.0546875, 6400.4375, 6743.57421875, 7025.49609375, 7263.74609375, 7546.05859375, 7789.140625, 8076.125, 8238.24609375, 8517.61328125, 8742.60546875, 8873.203125, 9120.21484375, 9354.1640625, 9576.46484375, 9641.65625, 9859.328125, 10066.59765625, 10268.89453125, 10467.35546875, 10621.8984375, 10674.18359375, 10863.9921875, 11046.92578125, 11271.921875, 11418.078125, 11646.234375, 11646.234375, 11646.25390625, 11339.671875, 11385.75, 11814.98046875, 12201.6796875, 12201.6796875, 12201.68359375, 12201.68359375, 12201.73046875, 12201.734375, 11215.69140625]}{"70": [6175.015625, 6175.046875, 6175.05078125, 6175.05078125, 6386.60546875, 6729.73828125, 7011.41796875, 7247.12890625, 7546.0625, 7771.765625, 8074.02734375, 8217.08984375, 8496.58984375, 8742.60546875, 8849.6171875, 9096.10546875, 9329.3125, 9556.546875, 9613.44921875, 9830.01953125, 10038.7890625, 10241.0625, 10439.6484375, 10621.8984375, 10645.1875, 10835.09375, 11017.640625, 11194.86328125, 11352.71875, 11645.984375, 11645.984375, 11645.984375, 11330.703125, 11339.4609375, 11722.56640625, 12145.515625, 12201.6796875, 12201.6875, 12201.6875, 12201.734375, 12201.734375, 12201.7421875, 11215.69140625]}{"80": [6175.00390625, 6175.05078125, 6175.0546875, 6175.0546875, 6386.1328125, 6730.73046875, 7012.74609375, 7249.43359375, 7546.05859375, 7775.08984375, 8076.125, 8223.54296875, 8504.37890625, 8742.60546875, 8861.22265625, 9106.62109375, 9339.46875, 9566.8671875, 9626.48828125, 9844.0703125, 10051.2578125, 10252.3203125, 10447.69140625, 10621.8984375, 10645.95703125, 10834.87109375, 11021.77734375, 11223.29296875, 11401.48828125, 11645.9765625, 11645.9765625, 11646.0, 11339.90234375, 11523.2890625, 11982.18359375, 12201.609375, 12201.61328125, 12201.61328125, 12201.61328125, 12201.671875, 11411.5546875, 11215.24609375]}