{"10": [6175.0, 6175.046875, 6175.05078125, 6175.05078125, 6309.0078125, 6520.953125, 6788.2421875, 7053.4140625, 7217.7421875, 7509.86328125, 7657.41796875, 7918.30078125, 8076.125, 8266.94140625, 8488.25390625, 8697.69921875, 8766.03125, 8977.015625, 9177.6015625, 9370.3359375, 9556.28125, 9576.46484375, 9753.94921875, 9933.42578125, 10104.2578125, 10272.4296875, 10431.95703125, 10588.58984375, 10621.8984375, 10705.28125, 10859.9296875, 11013.44140625, 11161.79296875, 11288.6953125, 11226.6484375, 11249.93359375, 11234.625, 11253.38671875, 11253.37890625, 11410.4453125, 11646.2109375, 11652.37109375, 11656.8046875, 11659.10546875, 11661.015625, 11662.36328125, 11341.1484375, 11328.00390625, 11252.09765625, 11327.796875, 11543.80078125, 11759.94921875, 11766.4765625, 12110.34765625, 12190.26953125, 12192.89453125, 12200.625, 12203.9765625, 12206.34765625, 12208.1015625, 12209.6328125, 12210.91796875, 12212.078125, 12213.11328125, 12214.12109375, 12115.34765625, 11262.10546875]}{"20": [6174.99609375, 6175.04296875, 6175.046875, 6175.046875, 6309.00390625, 6520.94921875, 6788.23828125, 7113.9375, 7309.3359375, 7546.05859375, 7743.4609375, 8004.2109375, 8120.125, 8360.72265625, 8588.9765625, 8740.890625, 8886.6875, 9097.8203125, 9300.546875, 9491.91015625, 9574.7578125, 9718.0390625, 9902.49609375, 10078.33203125, 10254.91796875, 10426.28515625, 10592.50390625, 10620.19140625, 10761.21875, 10919.078125, 11074.8125, 11277.8125, 11319.95703125, 11626.47265625, 11645.1015625, 11645.12109375, 11645.12109375, 11645.2265625, 11337.86328125, 11433.6953125, 11799.14453125, 12157.98046875, 12200.8515625, 12200.9765625, 12200.9765625, 12201.13671875, 12201.15625, 12201.171875, 12201.18359375, 12201.1953125, 11216.98046875]}{"30": [6175.0, 6175.05078125, 6175.05078125, 6175.05078125, 6309.0078125, 6543.63671875, 6799.734375, 7124.2890625, 7321.3359375, 7546.0625, 7764.94140625, 8025.88671875, 8139.22265625, 8378.61328125, 8603.359375, 8742.60546875, 8902.68359375, 9114.94921875, 9320.015625, 9513.765625, 9576.46484375, 9736.8359375, 9916.8125, 10088.015625, 10261.84765625, 10429.02734375, 10588.4453125, 10621.8984375, 10750.828125, 10906.09765625, 11062.0625, 11237.40625, 11291.84765625, 11608.8515625, 11646.18359375, 11646.18359375, 11646.18359375, 11228.00390625, 11338.44921875, 11524.734375, 11906.71484375, 12202.65234375, 12202.65234375, 12202.7421875, 12202.7421875, 12202.81640625, 12202.82421875, 12202.828125, 12202.8359375, 11217.15625]}{"40": [6175.08984375, 6175.12109375, 6175.125, 6175.125, 6309.078125, 6528.6015625, 6788.3125, 7114.21875, 7308.84375, 7546.12890625, 7752.48828125, 8015.57421875, 8130.74609375, 8369.4609375, 8597.5859375, 8742.67578125, 8894.21875, 9100.7890625, 9295.734375, 9486.62109375, 9576.53515625, 9701.2734375, 9882.37109375, 10059.078125, 10233.671875, 10399.7578125, 10563.015625, 10621.96875, 10723.68359375, 10879.69921875, 11035.0234375, 11185.80078125, 11239.6953125, 11553.28515625, 11646.34375, 11646.34375, 11646.34375, 11543.421875, 11339.96875, 11479.703125, 11836.7890625, 12184.1953125, 12201.9375, 12201.97265625, 12201.97265625, 12202.046875, 12202.05078125, 12202.0546875, 12202.0625, 11216.34765625]}{"50": [6175.0, 6175.046875, 6175.05078125, 6175.05078125, 6309.00390625, 6525.2734375, 6788.23828125, 7112.23828125, 7301.8046875, 7546.0546875, 7732.61328125, 7986.671875, 8091.546875, 8332.19140625, 8553.59375, 8742.6015625, 8833.25, 9045.11328125, 9246.6875, 9440.84765625, 9576.4609375, 9662.0078125, 9840.8359375, 10021.76953125, 10196.515625, 10365.80859375, 10528.36328125, 10621.89453125, 10677.65625, 10837.20703125, 10992.625, 11146.08984375, 11288.37890625, 11433.48046875, 11646.0703125, 11646.0703125, 11646.078125, 11646.08203125, 11340.5703125, 11340.5703125, 11623.62109375, 11938.76953125, 12202.515625, 12202.5234375, 12202.52734375, 12202.59375, 12202.6015625, 12202.60546875, 12202.60546875, 12202.609375, 11215.80859375]}{"60": [6175.0, 6175.05078125, 6175.05078125, 6175.05078125, 6309.0078125, 6520.95703125, 6788.23828125, 7079.2109375, 7251.578125, 7521.55078125, 7658.7578125, 7921.16015625, 8076.12890625, 8271.84375, 8497.3203125, 8714.1875, 8776.37890625, 8985.9453125, 9186.4765625, 9382.43359375, 9568.390625, 9584.2890625, 9765.79296875, 9940.12890625, 10108.04296875, 10275.05078125, 10437.9296875, 10596.46875, 10621.8984375, 10727.5546875, 10882.23046875, 11031.89453125, 11176.64453125, 11235.5234375, 11551.96875, 11646.03515625, 11646.0390625, 11646.0390625, 11313.76171875, 11339.4609375, 11544.171875, 11902.171875, 12201.6796875, 12201.6796875, 12201.703125, 12201.703125, 12201.73046875, 12201.73046875, 12201.73046875, 11215.6875]}{"70": [6175.00390625, 6175.0546875, 6175.0546875, 6175.05859375, 6309.01171875, 6520.95703125, 6788.2421875, 7049.0390625, 7205.72265625, 7472.875, 7613.33203125, 7877.703125, 8076.12890625, 8218.18359375, 8441.171875, 8658.6875, 8742.609375, 8922.24609375, 9127.9921875, 9323.98046875, 9510.125, 9576.46875, 9689.50390625, 9866.1015625, 10040.515625, 10208.55078125, 10370.5, 10525.9921875, 10621.90234375, 10643.34765625, 10794.6015625, 10944.25390625, 11091.75, 11288.3515625, 11370.6171875, 11639.5, 11646.0390625, 11646.0390625, 11646.046875, 11339.46484375, 11339.46484375, 11586.15234375, 11915.73828125, 12202.1796875, 12202.19140625, 12202.21484375, 12202.23828125, 12202.2421875, 12202.2421875, 12202.2421875, 11216.19921875]}{"80": [6175.00390625, 6175.046875, 6175.05078125, 6175.05078125, 6296.16015625, 6520.94921875, 6781.890625, 6988.82421875, 7158.39453125, 7443.171875, 7567.078125, 7831.34375, 8076.0703125, 8153.18359375, 8383.19140625, 8591.7578125, 8742.6015625, 8839.85546875, 9039.1640625, 9231.1875, 9410.1796875, 9576.4609375, 9575.46484375, 9753.5234375, 9930.42578125, 10099.3984375, 10259.08984375, 10411.859375, 10564.49609375, 10620.1875, 10669.20703125, 10821.16015625, 10966.703125, 11108.64453125, 11286.6328125, 11391.18359375, 11644.3671875, 11644.375, 11644.37890625, 11644.37890625, 11338.28125, 11338.28125, 11621.32421875, 11956.0390625, 12200.4375, 12200.44140625, 12200.484375, 12200.50390625, 12200.50390625, 12200.50390625, 12200.5078125, 11213.671875]}