{"10": [6175.015625, 6175.05078125, 6175.0546875, 6175.0546875, 6288.78515625, 6520.953125, 6783.16015625, 6956.87109375, 7124.28515625, 7401.91015625, 7546.05859375, 7766.515625, 8000.984375, 8076.125, 8286.8515625, 8508.50390625, 8707.80078125, 8742.60546875, 8908.546875, 9094.41796875, 9270.2578125, 9443.23828125, 9576.46484375, 9576.46484375, 9741.234375, 9887.484375, 10034.7890625, 10173.64453125, 10308.23046875, 10439.77734375, 10566.0, 10620.1875, 10620.1875, 10684.39453125, 10803.5078125, 10923.6015625, 11039.67578125, 11155.625, 11248.00390625, 11300.46875, 11227.28125, 11245.20703125, 11266.796875, 11233.671875, 11251.76953125, 11251.76953125, 11305.61328125, 11540.44140625, 11644.59765625, 11651.1796875, 11655.15234375, 11657.3828125, 11659.0859375, 11660.37109375, 11661.5546875, 11326.1640625, 11326.41015625, 11238.23046875, 11266.9453125, 11354.9921875, 11625.12890625, 11756.48828125, 11756.48828125, 11739.4921875, 11991.8984375, 12188.12890625, 12188.12890625, 12191.4140625, 12198.82421875, 12201.9375, 12204.0703125, 12205.78515625, 12207.29296875, 12208.54296875, 12209.69921875, 12210.7265625, 12211.7109375, 12212.56640625, 11260.0078125]}{"20": [6175.0, 6175.046875, 6175.05078125, 6175.05078125, 6298.21484375, 6520.953125, 6788.2421875, 6976.3984375, 7124.56640625, 7412.16015625, 7546.0625, 7764.4609375, 7984.59765625, 8076.125, 8267.46484375, 8483.0390625, 8678.23828125, 8742.60546875, 8876.05078125, 9059.5625, 9230.41796875, 9404.62109375, 9565.0078125, 9576.46484375, 9671.57421875, 9821.6953125, 9961.22265625, 10088.76171875, 10221.1171875, 10348.453125, 10474.24609375, 10598.87890625, 10621.8984375, 10621.8984375, 10710.48046875, 10825.3046875, 10943.2890625, 11061.609375, 11176.79296875, 11288.55078125, 11394.19921875, 11589.453125, 11646.7109375, 11646.7734375, 11646.81640625, 11646.83203125, 11205.40625, 11339.484375, 11339.484375, 11417.3203125, 11687.62109375, 11945.26171875, 12178.6875, 12202.30859375, 12202.30859375, 12202.5234375, 12202.56640625, 12202.59765625, 12202.609375, 12202.62890625, 12202.64453125, 12202.6484375, 11218.33203125]}{"30": [6175.0, 6175.046875, 6175.05078125, 6175.05078125, 6298.04296875, 6520.94921875, 6788.23828125, 6964.48046875, 7124.28125, 7398.296875, 7546.0546875, 7755.57421875, 7988.4375, 8076.12109375, 8275.2421875, 8491.6796875, 8686.203125, 8742.6015625, 8880.54296875, 9052.16796875, 9231.59765625, 9410.48046875, 9575.0703125, 9576.4609375, 9692.16015625, 9847.3828125, 9994.171875, 10136.671875, 10273.99609375, 10404.484375, 10532.20703125, 10621.89453125, 10621.89453125, 10656.88671875, 10784.828125, 10907.75, 11029.08984375, 11147.43359375, 11288.40234375, 11348.04296875, 11568.58984375, 11646.171875, 11646.21875, 11646.23828125, 11646.2421875, 11281.81640625, 11338.44140625, 11338.44140625, 11483.99609375, 11751.8984375, 12013.015625, 12202.26953125, 12202.26953125, 12202.36328125, 12202.40625, 12202.42578125, 12202.43359375, 12202.4453125, 12202.4453125, 12202.45703125, 11217.15234375]}{"40": [6175.0, 6175.05078125, 6175.05078125, 6175.05078125, 6303.3203125, 6520.95703125, 6771.25390625, 6936.17578125, 7124.2890625, 7346.59375, 7546.0625, 7679.46875, 7907.91015625, 8076.12890625, 8090.9453125, 8289.17578125, 8472.40234375, 8649.09765625, 8742.60546875, 8770.125, 8939.3515625, 9099.87109375, 9258.6875, 9414.16796875, 9564.46875, 9576.46484375, 9619.65234375, 9764.5078125, 9906.51171875, 10044.34765625, 10180.90625, 10313.6640625, 10442.83203125, 10571.79296875, 10621.8984375, 10621.8984375, 10694.12890625, 10818.12890625, 10938.6953125, 11057.0546875, 11169.3828125, 11288.42578125, 11401.3515625, 11613.26953125, 11646.26953125, 11646.26953125, 11646.28515625, 11646.29296875, 11339.89453125, 11339.89453125, 11339.89453125, 11621.40625, 11896.46875, 12137.73828125, 12202.41015625, 12202.41015625, 12202.49609375, 12202.51171875, 12202.51953125, 12202.5234375, 12202.52734375, 12202.53515625, 11216.2734375]}{"50": [6175.00390625, 6175.05078125, 6175.0546875, 6175.0546875, 6286.94140625, 6520.953125, 6756.33984375, 6927.640625, 7124.28515625, 7353.65234375, 7546.05859375, 7686.20703125, 7915.625, 8076.125, 8135.875, 8339.2421875, 8515.03125, 8685.67578125, 8742.60546875, 8799.046875, 8959.453125, 9107.96484375, 9263.90625, 9418.16015625, 9566.55078125, 9576.46484375, 9627.02734375, 9774.29296875, 9914.265625, 10051.20703125, 10189.02734375, 10322.16796875, 10450.96875, 10579.40625, 10621.8984375, 10621.8984375, 10710.42578125, 10832.58203125, 10953.4609375, 11074.765625, 11194.26171875, 11209.78515625, 11457.8125, 11646.07421875, 11646.078125, 11646.08203125, 11646.08203125, 11226.48828125, 11340.57421875, 11340.57421875, 11446.3046875, 11723.14453125, 11988.203125, 12202.54296875, 12202.54296875, 12202.57421875, 12202.60546875, 12202.62109375, 12202.625, 12202.625, 12202.625, 11333.70703125, 11216.90234375]}{"60": [6175.01171875, 6175.05078125, 6175.0546875, 6175.0546875, 6257.06640625, 6487.2578125, 6717.01171875, 6900.66015625, 7124.28515625, 7373.71484375, 7546.05859375, 7768.14453125, 8033.36328125, 8146.05078125, 8389.44921875, 8619.890625, 8742.60546875, 8915.8359375, 9130.765625, 9333.984375, 9529.59375, 9576.46484375, 9749.671875, 9933.7421875, 10113.0, 10290.37109375, 10461.453125, 10620.82421875, 10621.8984375, 10768.38671875, 10928.47265625, 11086.45703125, 11288.2734375, 11398.94921875, 11646.03515625, 11646.04296875, 11646.04296875, 11527.96484375, 11339.4609375, 11451.9765625, 11821.07421875, 12184.59375, 12202.05859375, 12202.05859375, 12202.09765625, 12202.09765625, 12202.109375, 12202.1171875, 11216.0703125]}{"70": [6175.08984375, 6175.12890625, 6175.12890625, 6175.12890625, 6309.0859375, 6521.03125, 6788.31640625, 7072.5859375, 7242.2109375, 7520.578125, 7644.7734375, 7899.19921875, 8076.20703125, 8223.28125, 8453.06640625, 8670.70703125, 8742.68359375, 8916.19921875, 9117.58203125, 9305.71484375, 9493.015625, 9576.54296875, 9658.47265625, 9833.4296875, 10009.90625, 10177.66015625, 10339.83984375, 10493.80859375, 10621.9765625, 10621.9765625, 10740.05859375, 10894.27734375, 11043.35546875, 11188.96484375, 11265.37890625, 11554.9921875, 11646.10546875, 11646.11328125, 11646.1171875, 11299.79296875, 11339.53515625, 11452.9375, 11756.2578125, 12071.2265625, 12202.296875, 12202.3125, 12202.35546875, 12202.36328125, 12202.36328125, 12202.36328125, 12202.3671875, 11216.3203125]}{"80": [6175.01953125, 6175.05078125, 6175.0546875, 6175.0546875, 6309.0078125, 6520.953125, 6788.2421875, 7004.61328125, 7153.2421875, 7438.80078125, 7549.16015625, 7813.49609375, 8059.16796875, 8117.4375, 8345.390625, 8562.42578125, 8742.60546875, 8784.80859375, 8986.51171875, 9178.80078125, 9358.99609375, 9538.13671875, 9576.46484375, 9687.7890625, 9862.0078125, 10021.98828125, 10178.39453125, 10329.7265625, 10481.66015625, 10621.8984375, 10621.8984375, 10688.53515625, 10825.85546875, 10943.171875, 11074.7890625, 11204.28125, 11265.41796875, 11517.75, 11646.171875, 11646.17578125, 11646.17578125, 11576.2109375, 11340.0703125, 11340.0703125, 11398.87109375, 11687.65625, 11943.74609375, 12179.15625, 12201.61328125, 12201.61328125, 12201.66015625, 12201.671875, 12201.671875, 12201.67578125, 12201.6796875, 11215.26171875]}