{"10": [6174.95703125, 6175.05078125, 6175.0546875, 6175.0546875, 6309.0078125, 6531.9765625, 6789.9296875, 7114.90625, 7308.55859375, 7546.05859375, 7750.1328125, 8012.44921875, 8127.0859375, 8367.80859375, 8595.98828125, 8742.60546875, 8891.87109375, 9102.41796875, 9301.09375, 9487.55859375, 9576.46484375, 9707.01171875, 9887.359375, 10063.92578125, 10237.0390625, 10401.93359375, 10564.9921875, 10621.8984375, 10724.51171875, 10884.03125, 11039.91015625, 11190.71875, 11295.37109375, 11235.05859375, 11246.8203125, 11268.4140625, 11233.6015625, 11253.38671875, 11495.49609375, 11646.22265625, 11654.23046875, 11657.53515625, 11659.8359375, 11661.61328125, 11662.9453125, 11327.77734375, 11311.48828125, 11328.61328125, 11353.625, 11718.69921875, 11758.10546875, 11972.9765625, 12189.27734375, 12189.27734375, 12198.1796875, 12202.046875, 12204.8046875, 12206.6640625, 12208.3046875, 12207.83984375, 12209.07421875, 12210.140625, 12211.1796875, 12213.82421875, 11259.609375]}{"20": [6175.0, 6175.046875, 6175.05078125, 6175.05078125, 6309.0078125, 6534.21484375, 6794.1796875, 7124.28515625, 7325.69921875, 7546.0625, 7783.73828125, 8048.41796875, 8177.59375, 8421.1640625, 8645.56640625, 8742.60546875, 8957.75, 9169.9296875, 9375.90625, 9574.27734375, 9625.05859375, 9818.04296875, 10001.60546875, 10179.24609375, 10357.5078125, 10529.75, 10621.89453125, 10715.875, 10881.66796875, 11039.82421875, 11197.1171875, 11249.39453125, 11589.84765625, 11646.70703125, 11646.796875, 11646.82421875, 11646.8515625, 11339.48828125, 11488.16015625, 11871.81640625, 12202.70703125, 12202.70703125, 12202.859375, 12202.859375, 12202.984375, 12203.01171875, 12203.03515625, 12203.046875, 11474.79296875, 11218.3359375]}{"30": [6175.0, 6175.046875, 6175.05078125, 6175.05078125, 6309.00390625, 6557.6015625, 6833.04296875, 7124.28125, 7377.5234375, 7556.81640625, 7838.5, 8076.12109375, 8236.2265625, 8474.53125, 8697.68359375, 8793.69921875, 9010.5, 9221.390625, 9429.72265625, 9576.4609375, 9678.578125, 9870.015625, 10054.91796875, 10229.61328125, 10406.09375, 10578.91796875, 10621.89453125, 10770.0, 10931.22265625, 11091.1796875, 11288.234375, 11392.734375, 11646.375, 11646.4453125, 11646.46875, 11646.47265625, 11338.67578125, 11372.00390625, 11768.88671875, 12154.0859375, 12201.8671875, 12201.96875, 12202.00390625, 12202.03125, 12202.03125, 12202.04296875, 12202.0546875, 11217.15234375]}{"40": [6175.015625, 6175.046875, 6175.05078125, 6175.05078125, 6309.00390625, 6549.578125, 6816.03515625, 7124.28125, 7354.640625, 7546.0546875, 7801.46875, 8062.453125, 8191.125, 8430.6328125, 8653.87109375, 8747.140625, 8960.67578125, 9172.30078125, 9377.20703125, 9570.76171875, 9619.87890625, 9810.58984375, 9993.0, 10170.5703125, 10344.61328125, 10512.93359375, 10621.89453125, 10698.98828125, 10862.6328125, 11019.79296875, 11176.921875, 11228.671875, 11571.9375, 11646.265625, 11646.2734375, 11646.28515625, 11246.95703125, 11339.89453125, 11626.96875, 12018.3984375, 12202.2109375, 12202.21484375, 12202.30078125, 12202.30078125, 12202.32421875, 12202.328125, 12202.33203125, 11216.62109375]}{"50": [6175.00390625, 6175.05078125, 6175.0546875, 6175.0546875, 6309.0078125, 6569.75390625, 6832.171875, 7124.28125, 7375.23828125, 7551.171875, 7833.00390625, 8076.125, 8227.12890625, 8471.8984375, 8697.40234375, 8791.8828125, 9008.27734375, 9220.51171875, 9425.55078125, 9576.46484375, 9675.30859375, 9866.31640625, 10049.75, 10227.4375, 10404.52734375, 10573.6484375, 10621.8984375, 10762.109375, 10926.84765625, 11086.9375, 11288.3046875, 11394.5859375, 11646.0234375, 11646.07421875, 11646.08203125, 11646.0859375, 11340.57421875, 11495.33203125, 11896.55078125, 12202.38671875, 12202.4375, 12202.4921875, 12202.51171875, 12202.51953125, 12202.51953125, 12202.51953125, 11215.83203125]}{"60": [6175.0, 6175.046875, 6175.05078125, 6175.05078125, 6309.0078125, 6549.44140625, 6820.10546875, 7124.28125, 7358.96875, 7546.0625, 7814.171875, 8076.125, 8209.5546875, 8450.25, 8677.578125, 8774.61328125, 8991.84375, 9202.17578125, 9405.0703125, 9576.46484375, 9656.41015625, 9846.9453125, 10032.3828125, 10209.375, 10385.8203125, 10554.52734375, 10621.89453125, 10742.578125, 10908.0625, 11067.2421875, 11264.60546875, 11365.89453125, 11646.01171875, 11646.0390625, 11646.04296875, 11646.04296875, 11339.4609375, 11539.5703125, 11945.6328125, 12201.8984375, 12201.8984375, 12201.9375, 12201.94921875, 12201.953125, 12201.953125, 12201.95703125, 11215.91015625]}{"70": [6175.1484375, 6175.18359375, 6175.1875, 6175.1875, 6309.14453125, 6566.1953125, 6833.34765625, 7124.41796875, 7381.43359375, 7559.69921875, 7837.7265625, 8076.26171875, 8235.0625, 8479.7734375, 8707.515625, 8800.75390625, 9013.95703125, 9227.4609375, 9435.2578125, 9576.6015625, 9687.3359375, 9878.7421875, 10060.94140625, 10238.0390625, 10414.6953125, 10586.640625, 10622.03515625, 10775.21484375, 10941.671875, 11101.8984375, 11288.453125, 11439.0078125, 11646.046875, 11646.1796875, 11646.1796875, 11230.62890625, 11339.59765625, 11630.875, 12033.0625, 12201.98828125, 12201.98828125, 12202.03125, 12202.0390625, 12202.04296875, 12202.04296875, 12202.046875, 11216.0]}{"80": [6175.00390625, 6175.05078125, 6175.0546875, 6175.0546875, 6309.0078125, 6565.16015625, 6831.6328125, 7124.28515625, 7364.01171875, 7546.05859375, 7817.37109375, 8076.125, 8207.39453125, 8447.1953125, 8669.66796875, 8761.99609375, 8977.08203125, 9189.17578125, 9394.875, 9576.46484375, 9642.02734375, 9829.54296875, 10008.78515625, 10185.7734375, 10360.44140625, 10529.734375, 10621.8984375, 10713.26953125, 10877.45703125, 11032.8125, 11187.42578125, 11285.53125, 11630.625, 11646.00390625, 11646.00390625, 11646.00390625, 11339.8984375, 11551.8671875, 11943.24609375, 12202.0234375, 12202.02734375, 12202.06640625, 12202.0859375, 12202.0859375, 12202.0859375, 12202.09375, 11215.25390625]}