{"10": [6175.015625, 6175.05078125, 6175.05078125, 6175.05078125, 6309.0078125, 6583.6015625, 6853.18359375, 7124.2890625, 7389.21875, 7564.1015625, 7844.20703125, 8076.12890625, 8240.00390625, 8483.08984375, 8711.296875, 8802.87890625, 9019.6640625, 9233.8359375, 9440.89453125, 9576.46484375, 9691.9375, 9882.61328125, 10067.53125, 10246.0390625, 10421.12890625, 10594.27734375, 10620.1875, 10785.6875, 10950.94921875, 11105.83984375, 11220.22265625, 11301.13671875, 11248.4375, 11266.7734375, 11221.140625, 11251.765625, 11451.42578125, 11644.578125, 11652.01953125, 11655.8515625, 11658.06640625, 11659.76171875, 11661.109375, 11326.1640625, 11283.40625, 11327.01171875, 11349.07421875, 11744.26171875, 11758.48828125, 12045.05859375, 12188.58984375, 12188.609375, 12198.49609375, 12202.04296875, 12204.48046875, 12206.30859375, 12207.9140625, 12209.265625, 12210.4453125, 12211.51953125, 12212.55859375, 11433.42578125, 11260.484375]}{"20": [6175.0, 6175.05078125, 6175.05078125, 6175.05078125, 6309.0078125, 6592.01953125, 6859.92578125, 7124.2890625, 7399.0390625, 7572.6171875, 7847.10546875, 8076.12890625, 8239.48828125, 8483.08203125, 8710.6328125, 8807.15625, 9023.2109375, 9235.73046875, 9441.23046875, 9576.46484375, 9687.78515625, 9878.56640625, 10063.73828125, 10242.3125, 10420.06640625, 10592.8828125, 10621.8984375, 10782.95703125, 10947.90625, 11106.6640625, 11288.515625, 11407.6875, 11646.64453125, 11646.76953125, 11646.80859375, 11646.83984375, 11274.46484375, 11339.48828125, 11646.63671875, 12036.09765625, 12202.94140625, 12202.94140625, 12203.16015625, 12203.1875, 12203.21875, 12203.2578125, 12203.26953125, 12203.28515625, 11218.33203125]}{"30": [6175.0, 6175.05078125, 6175.05078125, 6175.05078125, 6309.0078125, 6592.45703125, 6861.29296875, 7124.28515625, 7404.38671875, 7585.60546875, 7864.8125, 8076.12890625, 8256.68359375, 8495.6484375, 8723.88671875, 8822.08984375, 9039.56640625, 9252.08203125, 9460.0390625, 9576.46484375, 9713.6640625, 9904.125, 10086.62109375, 10265.55078125, 10440.13671875, 10612.03125, 10630.6640625, 10794.94921875, 10959.0703125, 11118.59375, 11288.40625, 11452.296875, 11646.17578125, 11646.22265625, 11646.23828125, 11646.25, 11338.453125, 11443.33203125, 11839.55859375, 12202.765625, 12202.78515625, 12202.89453125, 12202.9296875, 12202.94921875, 12202.953125, 12202.9609375, 12202.96875, 11217.6640625]}{"40": [6175.00390625, 6175.0546875, 6175.0546875, 6175.0546875, 6309.01171875, 6590.23046875, 6855.3984375, 7124.29296875, 7391.74609375, 7570.859375, 7853.24609375, 8076.1328125, 8252.515625, 8494.76171875, 8721.16796875, 8817.87109375, 9034.40625, 9247.35546875, 9454.8671875, 9574.76171875, 9704.27734375, 9889.7890625, 10073.2421875, 10252.30078125, 10427.42578125, 10599.3515625, 10620.1953125, 10786.0859375, 10951.17578125, 11110.36328125, 11286.8046875, 11445.6328125, 11644.65234375, 11644.65234375, 11644.66796875, 11644.67578125, 11338.27734375, 11495.96875, 11899.59375, 12200.18359375, 12200.25, 12200.3359375, 12200.3515625, 12200.359375, 12200.3671875, 12200.3671875, 12200.375, 11214.75390625]}{"50": [6175.00390625, 6175.05078125, 6175.0546875, 6175.0546875, 6309.0078125, 6540.23828125, 6801.84765625, 7124.28515625, 7333.44921875, 7546.05859375, 7767.3828125, 8030.44140625, 8140.91796875, 8379.08203125, 8599.79296875, 8742.60546875, 8877.6953125, 9088.1875, 9292.24609375, 9488.29296875, 9576.46484375, 9713.68359375, 9896.328125, 10071.7578125, 10247.9296875, 10419.01953125, 10581.21875, 10621.8984375, 10742.671875, 10901.75390625, 11056.625, 11223.5234375, 11287.9140625, 11595.8125, 11646.2890625, 11646.296875, 11646.296875, 11333.05078125, 11340.7890625, 11605.640625, 11964.32421875, 12202.3125, 12202.3125, 12202.34375, 12202.34375, 12202.39453125, 12202.39453125, 12202.39453125, 11216.0625]}{"60": [6175.0, 6175.046875, 6175.05078125, 6175.05078125, 6309.00390625, 6558.1328125, 6814.171875, 7124.28515625, 7337.015625, 7546.0546875, 7766.4375, 8017.9453125, 8119.53125, 8357.765625, 8585.10546875, 8742.6015625, 8855.734375, 9069.29296875, 9274.9765625, 9468.63671875, 9576.4609375, 9687.6875, 9871.6015625, 10049.81640625, 10221.9609375, 10391.80078125, 10556.25, 10621.89453125, 10716.29296875, 10874.11328125, 11027.81640625, 11178.359375, 11246.14453125, 11565.1796875, 11646.03125, 11646.03125, 11646.03125, 11339.45703125, 11339.45703125, 11623.1875, 11987.45703125, 12202.01953125, 12202.01953125, 12202.03515625, 12202.03515625, 12202.0703125, 12202.0703125, 12202.07421875, 11215.68359375]}{"70": [6175.0, 6175.046875, 6175.05078125, 6175.05078125, 6299.92578125, 6520.95703125, 6788.2421875, 7044.8828125, 7224.359375, 7507.421875, 7635.44140625, 7899.14453125, 8076.125, 8257.5859375, 8487.35546875, 8702.87890625, 8773.90625, 8985.55859375, 9189.21484375, 9381.54296875, 9568.3515625, 9583.87109375, 9767.3359375, 9946.1328125, 10121.078125, 10291.8828125, 10454.78125, 10613.46484375, 10621.89453125, 10757.546875, 10912.93359375, 11065.4921875, 11244.265625, 11327.82421875, 11625.484375, 11646.03125, 11646.03125, 11646.04296875, 11339.4609375, 11339.4609375, 11692.37890625, 12045.328125, 12202.484375, 12202.484375, 12202.484375, 12202.53515625, 12202.5390625, 12202.5390625, 12202.54296875, 11216.49609375]}{"80": [6175.125, 6175.1640625, 6175.16796875, 6175.16796875, 6309.12109375, 6521.06640625, 6788.35546875, 7100.49609375, 7287.80078125, 7546.171875, 7714.8671875, 7975.3359375, 8076.38671875, 8316.58203125, 8541.37890625, 8742.71875, 8806.94140625, 9016.74609375, 9220.0390625, 9414.0, 9576.578125, 9607.4453125, 9785.625, 9962.5234375, 10132.43359375, 10299.12890625, 10461.1015625, 10620.9140625, 10622.01171875, 10733.53515625, 10888.63671875, 11042.2265625, 11192.40625, 11275.9140625, 11577.07421875, 11646.1015625, 11646.1015625, 11646.11328125, 11340.015625, 11340.015625, 11664.30078125, 11997.43359375, 12201.8515625, 12201.859375, 12201.859375, 12201.91796875, 12201.91796875, 12201.91796875, 12201.92578125, 11215.49609375]}