{"10": [6175.015625, 6175.046875, 6175.05078125, 6175.05078125, 6287.5546875, 6520.94921875, 6783.2421875, 6968.37890625, 7124.27734375, 7416.9453125, 7546.0546875, 7784.3984375, 8012.17578125, 8076.12109375, 8304.17578125, 8527.5703125, 8730.29296875, 8742.6015625, 8941.74609375, 9132.96875, 9309.40234375, 9480.41796875, 9576.4609375, 9611.8671875, 9789.03515625, 9946.8125, 10092.5546875, 10240.0078125, 10384.4765625, 10521.34375, 10621.89453125, 10621.89453125, 10639.18359375, 10776.24609375, 10910.359375, 11051.78515625, 11199.21484375, 11296.73046875, 11246.84375, 11246.8125, 11236.84375, 11253.37890625, 11253.37890625, 11497.1328125, 11646.21484375, 11654.0546875, 11657.546875, 11659.82421875, 11661.578125, 11662.91015625, 11327.7734375, 11296.98046875, 11328.62109375, 11358.98046875, 11738.80859375, 11758.1015625, 11959.1796875, 12189.7109375, 12189.71484375, 12198.2109375, 12202.3359375, 12205.17578125, 12207.04296875, 12208.6953125, 12210.06640625, 12211.3125, 12212.38671875, 12213.4609375, 12217.93359375, 11261.5390625]}{"20": [6174.99609375, 6175.04296875, 6175.046875, 6175.046875, 6309.00390625, 6520.94921875, 6788.23828125, 7045.15625, 7214.19140625, 7496.23046875, 7616.0234375, 7871.5859375, 8076.12109375, 8191.84375, 8425.23828125, 8644.2421875, 8742.6015625, 8888.12109375, 9093.21875, 9288.84375, 9475.65234375, 9576.4609375, 9643.77734375, 9815.94921875, 9992.953125, 10161.21875, 10323.078125, 10479.7109375, 10621.89453125, 10621.89453125, 10721.8515625, 10870.5625, 11011.671875, 11153.59765625, 11288.51171875, 11460.37109375, 11646.6328125, 11646.7265625, 11646.7265625, 11646.828125, 11262.171875, 11339.4765625, 11436.38671875, 11790.80078125, 12117.41015625, 12202.30078125, 12202.30078125, 12202.52734375, 12202.578125, 12202.6015625, 12202.62109375, 12202.6328125, 12202.64453125, 11218.33203125]}{"30": [6175.00390625, 6175.0546875, 6175.0546875, 6175.0546875, 6309.01171875, 6520.9609375, 6788.2421875, 7055.75, 7218.6171875, 7509.08203125, 7629.03515625, 7899.7890625, 8076.1328125, 8214.1796875, 8439.7578125, 8657.4609375, 8742.60546875, 8893.1875, 9091.32421875, 9282.96484375, 9455.00390625, 9576.46875, 9604.54296875, 9789.703125, 9964.63671875, 10132.90234375, 10296.4453125, 10450.94140625, 10601.76171875, 10621.90234375, 10704.13671875, 10854.125, 11004.14453125, 11147.50390625, 11288.41015625, 11452.57421875, 11646.15625, 11646.21875, 11646.2421875, 11646.25, 11338.44921875, 11338.44921875, 11497.09375, 11816.72265625, 12136.4921875, 12201.875, 12201.875, 12201.90234375, 12202.03125, 12202.046875, 12202.05078125, 12202.0546875, 11590.21484375, 11217.16015625]}{"40": [6175.203125, 6175.23828125, 6175.2421875, 6175.2421875, 6304.5234375, 6521.140625, 6788.4296875, 7011.4765625, 7171.25, 7460.828125, 7576.91796875, 7839.72265625, 8076.3125, 8144.19921875, 8363.30078125, 8587.4453125, 8742.79296875, 8836.51171875, 9049.3046875, 9248.92578125, 9436.484375, 9576.65234375, 9597.47265625, 9783.28515625, 9966.57421875, 10140.5859375, 10301.3671875, 10459.76953125, 10618.1015625, 10620.37890625, 10721.328125, 10879.37890625, 11028.24609375, 11176.28125, 11208.47265625, 11500.08203125, 11644.83203125, 11644.83984375, 11644.859375, 11644.8671875, 11338.46875, 11338.46875, 11581.58203125, 11906.7890625, 12192.69921875, 12200.4765625, 12200.54296875, 12200.57421875, 12200.58203125, 12200.58984375, 12200.59375, 12200.6015625, 11214.92578125]}{"50": [6175.01171875, 6175.04296875, 6175.046875, 6175.046875, 6309.00390625, 6520.94921875, 6788.23828125, 7110.703125, 7283.23046875, 7546.05859375, 7700.203125, 7974.671875, 8076.12109375, 8301.140625, 8533.6640625, 8742.6015625, 8788.5390625, 9009.3671875, 9218.4453125, 9418.78515625, 9576.4609375, 9603.71484375, 9798.7109375, 9983.359375, 10170.49609375, 10348.92578125, 10520.76953125, 10621.89453125, 10634.9140625, 10801.0, 10963.50390625, 11123.6484375, 11288.375, 11453.91796875, 11646.34375, 11646.35546875, 11646.35546875, 11343.26953125, 11340.84375, 11346.2734375, 11696.9296875, 12052.0546875, 12202.26953125, 12202.2734375, 12202.3359375, 12202.3515625, 12202.35546875, 12202.35546875, 12202.359375, 11216.06640625]}{"60": [6174.99609375, 6175.04296875, 6175.046875, 6175.046875, 6309.00390625, 6534.0703125, 6788.23828125, 7106.73828125, 7269.46484375, 7546.05859375, 7680.6171875, 7951.6875, 8076.12109375, 8271.3046875, 8497.515625, 8718.59765625, 8744.265625, 8963.234375, 9175.1796875, 9372.7265625, 9557.1875, 9576.4609375, 9715.57421875, 9900.9609375, 10070.68359375, 10234.8515625, 10390.8359375, 10546.7421875, 10621.89453125, 10621.89453125, 10768.49609375, 10910.16796875, 11047.59375, 11179.73828125, 11220.50390625, 11485.63671875, 11646.02734375, 11646.03515625, 11646.0390625, 11646.0390625, 11339.45703125, 11339.45703125, 11339.45703125, 11586.62109375, 11876.76953125, 12122.49609375, 12202.27734375, 12202.27734375, 12202.31640625, 12202.328125, 12202.328125, 12202.33203125, 12202.3359375, 11216.2890625]}{"70": [6174.99609375, 6175.04296875, 6175.046875, 6175.046875, 6309.00390625, 6526.65625, 6788.23828125, 7120.83203125, 7280.828125, 7546.05859375, 7704.578125, 7985.359375, 8076.12109375, 8305.40234375, 8543.390625, 8742.6015625, 8797.21484375, 9018.4453125, 9221.12109375, 9417.51953125, 9576.4609375, 9576.84765625, 9765.890625, 9942.52734375, 10119.3828125, 10283.51953125, 10439.7734375, 10593.2578125, 10621.89453125, 10636.66015625, 10787.08984375, 10922.23046875, 11050.71875, 11178.72265625, 11216.43359375, 11467.04296875, 11646.02734375, 11646.03515625, 11646.0390625, 11646.0390625, 11339.45703125, 11339.45703125, 11339.45703125, 11587.46484375, 11867.58984375, 12111.63671875, 12201.90625, 12201.90625, 12201.9453125, 12201.95703125, 12201.95703125, 12201.9609375, 12201.96484375, 11215.6875]}{"80": [6175.015625, 6175.046875, 6175.05078125, 6175.05078125, 6309.00390625, 6520.94921875, 6788.23828125, 7077.49609375, 7239.3828125, 7542.1328125, 7655.7734375, 7935.28125, 8076.12109375, 8248.85546875, 8480.7109375, 8712.78125, 8742.6015625, 8937.66796875, 9138.41015625, 9341.859375, 9527.9453125, 9576.4609375, 9667.265625, 9839.54296875, 10003.765625, 10159.26171875, 10309.9375, 10452.0234375, 10587.59765625, 10621.89453125, 10621.89453125, 10705.86328125, 10836.3203125, 10963.171875, 11086.49609375, 11230.90625, 11273.22265625, 11517.30078125, 11645.9921875, 11645.99609375, 11645.99609375, 11554.28515625, 11339.8984375, 11339.8984375, 11353.33984375, 11646.296875, 11921.84765625, 12164.30078125, 12201.60546875, 12201.60546875, 12201.66015625, 12201.66796875, 12201.66796875, 12201.66796875, 12201.671875, 11215.2578125]}