{"10": [6175.0, 6175.05078125, 6175.05078125, 6175.05078125, 6303.62109375, 6520.95703125, 6788.2421875, 7005.1953125, 7162.16015625, 7446.78515625, 7556.7890625, 7820.08203125, 8067.125, 8132.21875, 8361.4609375, 8571.3203125, 8742.60546875, 8812.74609375, 9014.72265625, 9200.73828125, 9380.58984375, 9558.5390625, 9576.46484375, 9716.64453125, 9892.37109375, 10059.06640625, 10219.0390625, 10369.26953125, 10512.12890625, 10621.89453125, 10621.89453125, 10757.515625, 10904.171875, 11045.296875, 11186.11328125, 11292.35546875, 11236.23046875, 11249.9296875, 11222.64453125, 11268.2578125, 11253.3828125, 11253.3828125, 11492.140625, 11646.20703125, 11653.1640625, 11657.1953125, 11659.33203125, 11660.9921875, 11662.33203125, 11665.765625, 11259.171875, 11328.1015625, 11328.61328125, 11306.53515625, 11638.48828125, 11758.10546875, 11758.10546875, 12001.03515625, 12188.8828125, 12188.88671875, 12196.4375, 12201.0625, 12203.8046875, 12205.78125, 12207.421875, 12208.83984375, 12210.046875, 12211.1484375, 12212.16015625, 12213.1171875, 11260.80859375]}{"20": [6175.0, 6175.046875, 6175.05078125, 6175.05078125, 6256.60546875, 6520.94921875, 6751.3359375, 6931.4609375, 7124.28125, 7356.3359375, 7546.0546875, 7714.59375, 7958.25390625, 8076.12109375, 8237.30078125, 8449.57421875, 8653.99609375, 8742.6015625, 8862.87890625, 9048.58203125, 9223.75390625, 9395.43359375, 9559.6875, 9576.4609375, 9702.6875, 9857.98046875, 10008.2734375, 10157.46875, 10309.1875, 10450.5, 10587.02734375, 10621.89453125, 10656.41796875, 10795.62109375, 10924.765625, 11055.796875, 11180.91015625, 11288.66796875, 11422.4921875, 11631.0, 11646.703125, 11646.78515625, 11646.8203125, 11646.8359375, 11258.21484375, 11339.48046875, 11339.48046875, 11441.80078125, 11694.9609375, 11929.16796875, 12138.71875, 12202.69140625, 12202.69140625, 12202.890625, 12202.9375, 12202.9765625, 12202.99609375, 12203.01171875, 12203.0234375, 12203.03515625, 11218.328125]}{"30": [6175.01953125, 6175.05078125, 6175.0546875, 6175.0546875, 6263.21875, 6520.953125, 6762.12109375, 6942.78515625, 7124.28515625, 7382.26953125, 7546.05859375, 7746.00390625, 7993.36328125, 8076.125, 8274.4765625, 8485.36328125, 8683.98828125, 8742.60546875, 8907.94921875, 9098.12109375, 9276.53125, 9443.6171875, 9576.46484375, 9588.33203125, 9761.4453125, 9923.859375, 10081.53515625, 10234.48828125, 10386.74609375, 10533.20703125, 10621.8984375, 10621.8984375, 10759.98828125, 10899.5078125, 11034.89453125, 11165.5234375, 11288.48046875, 11427.234375, 11646.44921875, 11646.484375, 11646.515625, 11646.5234375, 11646.53125, 11338.72265625, 11338.72265625, 11338.72265625, 11609.1015625, 11872.9921875, 12107.01171875, 12201.87109375, 12201.87109375, 12201.98046875, 12202.0078125, 12202.03125, 12202.0390625, 12202.046875, 12202.046875, 12202.05859375, 11217.15625]}{"40": [6174.99609375, 6175.04296875, 6175.046875, 6175.046875, 6247.1875, 6520.8203125, 6743.640625, 6919.1953125, 7124.27734375, 7348.1796875, 7546.05859375, 7702.84765625, 7929.953125, 8076.12109375, 8208.98046875, 8421.6640625, 8608.328125, 8742.6015625, 8796.21484375, 8975.203125, 9147.38671875, 9314.828125, 9475.8125, 9576.4609375, 9576.4609375, 9709.0, 9832.89453125, 9964.078125, 10091.1796875, 10219.28125, 10345.51953125, 10468.15234375, 10590.78515625, 10621.89453125, 10621.89453125, 10697.1015625, 10815.47265625, 10931.81640625, 11045.40625, 11156.88671875, 11288.4296875, 11346.1796875, 11551.0703125, 11646.265625, 11646.265625, 11646.27734375, 11646.28515625, 11228.29296875, 11339.89453125, 11339.89453125, 11562.27734375, 11823.6640625, 12095.43359375, 12202.12109375, 12202.12109375, 12202.203125, 12202.22265625, 12202.23046875, 12202.23046875, 12202.23828125, 12202.2421875, 11216.53125]}{"50": [6175.0078125, 6175.05078125, 6175.0546875, 6175.0546875, 6247.68359375, 6520.91796875, 6741.73046875, 6918.77734375, 7124.28515625, 7347.30078125, 7546.05859375, 7711.28515625, 7942.09375, 8076.125, 8226.65625, 8448.81640625, 8656.16015625, 8742.5859375, 8844.01171875, 9036.17578125, 9220.359375, 9390.23828125, 9548.265625, 9576.4453125, 9661.46484375, 9813.203125, 9957.37109375, 10099.69921875, 10239.28125, 10370.7734375, 10502.6328125, 10621.87890625, 10621.87890625, 10621.87890625, 10721.0546875, 10862.3203125, 11003.97265625, 11146.41015625, 11288.328125, 11447.74609375, 11646.0546875, 11646.0546875, 11646.0625, 11646.06640625, 11340.5546875, 11340.5546875, 11686.2734375, 12056.5859375, 12202.41015625, 12202.4296875, 12202.49609375, 12202.5078125, 12202.51171875, 12202.51171875, 12202.515625, 11216.04296875]}{"60": [6175.0078125, 6175.04296875, 6175.046875, 6175.046875, 6309.00390625, 6520.94921875, 6788.23828125, 7111.28125, 7298.1796875, 7546.05859375, 7739.6328125, 8006.1171875, 8120.02734375, 8363.453125, 8596.19140625, 8742.6015625, 8895.80078125, 9107.03515625, 9311.8515625, 9507.71875, 9576.4609375, 9731.76171875, 9914.62890625, 10093.78515625, 10269.72265625, 10439.40234375, 10602.53515625, 10621.89453125, 10758.37109375, 10915.10546875, 11069.359375, 11256.796875, 11344.82421875, 11646.02734375, 11646.02734375, 11646.02734375, 11646.0390625, 11339.45703125, 11408.6640625, 11765.4140625, 12138.61328125, 12201.67578125, 12201.67578125, 12201.67578125, 12201.7265625, 12201.73046875, 12201.73046875, 11215.6875]}{"70": [6175.015625, 6175.05078125, 6175.0546875, 6175.0546875, 6309.0078125, 6537.82421875, 6796.8359375, 7124.28515625, 7320.4296875, 7546.05859375, 7756.01171875, 8020.33984375, 8134.29296875, 8374.63671875, 8602.74609375, 8742.60546875, 8897.60546875, 9108.2890625, 9311.359375, 9505.62890625, 9576.46484375, 9715.265625, 9893.4375, 10067.765625, 10239.78125, 10406.55859375, 10570.48828125, 10621.8984375, 10719.84375, 10877.7890625, 11030.16015625, 11182.046875, 11254.90625, 11568.546875, 11646.03515625, 11646.03515625, 11646.03515625, 11339.4609375, 11339.4609375, 11633.8671875, 11992.4296875, 12202.16796875, 12202.16796875, 12202.171875, 12202.171875, 12202.21875, 12202.21875, 12202.23046875, 11215.69140625]}{"80": [6175.01953125, 6175.05078125, 6175.0546875, 6175.0546875, 6309.0078125, 6520.953125, 6788.2421875, 7089.12890625, 7267.21484375, 7544.3671875, 7681.98046875, 7941.18359375, 8076.125, 8270.796875, 8492.6640625, 8703.53515625, 8744.56640625, 8951.95703125, 9153.98046875, 9346.53125, 9532.203125, 9576.46484375, 9705.58203125, 9875.55078125, 10049.41015625, 10215.5625, 10377.98046875, 10534.3828125, 10621.8984375, 10656.78125, 10811.7109375, 10964.609375, 11114.23046875, 11288.30078125, 11406.546875, 11645.9765625, 11645.9765625, 11645.9765625, 11208.74609375, 11339.90234375, 11422.57421875, 11764.26953125, 12099.56640625, 12201.59375, 12201.61328125, 12201.6640625, 12201.671875, 12201.671875, 12201.671875, 12201.6796875, 11215.25390625]}