{"10": [6174.99609375, 6175.04296875, 6175.046875, 6175.046875, 6426.6953125, 6742.4609375, 7020.109375, 7261.2265625, 7546.05859375, 7791.125, 8076.12109375, 8239.453125, 8520.90234375, 8742.6015625, 8879.5078125, 9125.37109375, 9362.83984375, 9576.4609375, 9649.91015625, 9871.57421875, 10081.40234375, 10282.80078125, 10480.703125, 10621.890625, 10688.1015625, 10879.0703125, 11063.515625, 11203.40234375, 11302.9296875, 11249.9296875, 11268.37890625, 11253.37890625, 11253.37890625, 11610.62890625, 11650.7578125, 11656.74609375, 11659.48828125, 11661.4609375, 11662.97265625, 11234.1328125, 11328.10546875, 11327.80859375, 11617.859375, 11758.1015625, 11950.78125, 12189.51953125, 12189.57421875, 12200.171875, 12203.83203125, 12206.3125, 12208.25390625, 12209.8984375, 12211.30859375, 12212.5390625, 12213.703125, 11261.41015625]}{"20": [6175.015625, 6175.046875, 6175.05078125, 6175.05078125, 6379.72265625, 6719.484375, 6998.9296875, 7233.6171875, 7546.0546875, 7749.02734375, 8045.23046875, 8188.54296875, 8465.890625, 8727.8046875, 8820.55859375, 9061.90625, 9294.73046875, 9517.9609375, 9576.4609375, 9792.48046875, 10000.5546875, 10199.5078125, 10396.37109375, 10587.44140625, 10621.89453125, 10789.3125, 10971.4453125, 11148.3125, 11288.6796875, 11580.54296875, 11646.6953125, 11646.6953125, 11646.83203125, 11304.96875, 11339.48046875, 11704.00390625, 12135.0625, 12202.66015625, 12202.88671875, 12202.88671875, 12203.0, 12203.01953125, 12203.0390625, 12203.05078125, 11218.484375]}